"location","cause","year","val"
"Afghanistan","Ischemic heart disease",2020,36017.368414752
"Afghanistan","Conflict and terrorism",2020,33934.4612527814
"Afghanistan","Neonatal disorders",2020,25144.5087972202
"Afghanistan","Conflict and terrorism",2021,38246.1053821161
"Afghanistan","Ischemic heart disease",2021,37429.5868992727
"Afghanistan","Neonatal disorders",2021,25796.7572166063
"Albania","Ischemic heart disease",2020,6082.1038420763
"Albania","Stroke",2020,5806.6856386949
"Albania","Tracheal, bronchus, and lung cancer",2020,1237.96694779765
"Albania","Ischemic heart disease",2021,6189.45314839733
"Albania","Stroke",2021,5996.44850099222
"Albania","Tracheal, bronchus, and lung cancer",2021,1296.59615715686
"Algeria","Ischemic heart disease",2020,62082.3270123958
"Algeria","Stroke",2020,26019.4877879638
"Algeria","Road injuries",2020,11280.0548164338
"Algeria","Ischemic heart disease",2021,65097.8370763012
"Algeria","Stroke",2021,27072.3388636731
"Algeria","Road injuries",2021,11493.8973918488
"American Samoa","Ischemic heart disease",2020,66.6392230714995
"American Samoa","Stroke",2020,43.6455950748731
"American Samoa","Diabetes mellitus",2020,42.5720692935083
"American Samoa","Ischemic heart disease",2021,68.1750561771531
"American Samoa","Stroke",2021,45.3355988485807
"American Samoa","Diabetes mellitus",2021,42.5929345880273
"Andorra","Ischemic heart disease",2020,77.3683247089684
"Andorra","Tracheal, bronchus, and lung cancer",2020,46.7051260590924
"Andorra","Alzheimer's disease and other dementias",2020,37.2843263337898
"Andorra","Ischemic heart disease",2021,78.9791722491302
"Andorra","Tracheal, bronchus, and lung cancer",2021,47.4191256892508
"Andorra","Alzheimer's disease and other dementias",2021,37.8375388211556
"Angola","Neonatal disorders",2020,17477.9552580783
"Angola","HIV/AIDS",2020,16397.046988003
"Angola","Diarrheal diseases",2020,14606.6857061099
"Angola","Neonatal disorders",2021,16820.2032055552
"Angola","HIV/AIDS",2021,16490.6273398154
"Angola","Diarrheal diseases",2021,14896.1814570065
"Antigua and Barbuda","Ischemic heart disease",2020,79.8720411053797
"Antigua and Barbuda","Stroke",2020,69.9765557157476
"Antigua and Barbuda","Diabetes mellitus",2020,57.8628118111309
"Antigua and Barbuda","Ischemic heart disease",2021,81.5933291010576
"Antigua and Barbuda","Stroke",2021,73.2251387182906
"Antigua and Barbuda","Diabetes mellitus",2021,59.4962008738411
"Argentina","Ischemic heart disease",2020,46914.4655386713
"Argentina","Lower respiratory infections",2020,37922.8376851292
"Argentina","Stroke",2020,27764.3605347382
"Argentina","Ischemic heart disease",2021,47850.8302358684
"Argentina","Lower respiratory infections",2021,38083.2863930492
"Argentina","Stroke",2021,28930.6716478506
"Armenia","Ischemic heart disease",2020,9592.38302623569
"Armenia","Stroke",2020,2273.6312966917
"Armenia","Tracheal, bronchus, and lung cancer",2020,1265.65585712122
"Armenia","Ischemic heart disease",2021,9770.2760776294
"Armenia","Stroke",2021,2159.22344095585
"Armenia","Tracheal, bronchus, and lung cancer",2021,1254.54350096403
"Australia","Ischemic heart disease",2020,27362.7296299258
"Australia","Stroke",2020,12990.0751414299
"Australia","Alzheimer's disease and other dementias",2020,11440.2034218638
"Australia","Ischemic heart disease",2021,28602.4737791314
"Australia","Stroke",2021,13465.9443353284
"Australia","Alzheimer's disease and other dementias",2021,11759.3492851763
"Austria","Ischemic heart disease",2020,19092.7979867478
"Austria","Stroke",2020,5931.04237686353
"Austria","Alzheimer's disease and other dementias",2020,5135.74550335012
"Austria","Ischemic heart disease",2021,19808.4281352314
"Austria","Stroke",2021,6296.77415049577
"Austria","Alzheimer's disease and other dementias",2021,5333.47376857154
"Azerbaijan","Ischemic heart disease",2020,29204.9063760013
"Azerbaijan","Stroke",2020,9906.78754819756
"Azerbaijan","Cirrhosis and other chronic liver diseases",2020,3223.26875786579
"Azerbaijan","Ischemic heart disease",2021,30039.3386600632
"Azerbaijan","Stroke",2021,9283.78357395152
"Azerbaijan","Cirrhosis and other chronic liver diseases",2021,3308.97042396479
"Bahamas","Ischemic heart disease",2020,349.376245243483
"Bahamas","Stroke",2020,229.87199660113
"Bahamas","Hypertensive heart disease",2020,197.374286594486
"Bahamas","Ischemic heart disease",2021,368.745281820209
"Bahamas","Stroke",2021,240.069904229952
"Bahamas","Hypertensive heart disease",2021,202.909558737971
"Bahrain","Ischemic heart disease",2020,884.002938501624
"Bahrain","Diabetes mellitus",2020,729.208175457782
"Bahrain","Stroke",2020,245.556407255133
"Bahrain","Ischemic heart disease",2021,947.096872159946
"Bahrain","Diabetes mellitus",2021,767.861090957938
"Bahrain","Stroke",2021,256.050380315204
"Bangladesh","Stroke",2020,152503.505309597
"Bangladesh","Ischemic heart disease",2020,129456.98427692
"Bangladesh","Chronic obstructive pulmonary disease",2020,54638.1484727798
"Bangladesh","Stroke",2021,153218.857590627
"Bangladesh","Ischemic heart disease",2021,133160.868430916
"Bangladesh","Chronic obstructive pulmonary disease",2021,56505.1988237556
"Barbados","Ischemic heart disease",2020,369.683199852353
"Barbados","Stroke",2020,352.568827999396
"Barbados","Diabetes mellitus",2020,315.770569774656
"Barbados","Ischemic heart disease",2021,394.24692800516
"Barbados","Stroke",2021,373.0625506859
"Barbados","Diabetes mellitus",2021,329.300394691906
"Belarus","Ischemic heart disease",2020,53320.7171328374
"Belarus","Stroke",2020,16811.302310212
"Belarus","Alzheimer's disease and other dementias",2020,3882.10187287862
"Belarus","Ischemic heart disease",2021,52658.6552321742
"Belarus","Stroke",2021,17022.7168399872
"Belarus","Tracheal, bronchus, and lung cancer",2021,4115.27826811112
"Belgium","Ischemic heart disease",2020,14989.3905769862
"Belgium","Stroke",2020,9239.15299515431
"Belgium","Tracheal, bronchus, and lung cancer",2020,8302.17227142329
"Belgium","Ischemic heart disease",2021,15304.0121094907
"Belgium","Stroke",2021,9370.44990267423
"Belgium","Tracheal, bronchus, and lung cancer",2021,8421.25939647903
"Belize","Ischemic heart disease",2020,227.790441179277
"Belize","Diabetes mellitus",2020,153.899499737246
"Belize","Stroke",2020,149.343694939073
"Belize","Ischemic heart disease",2021,245.557740321613
"Belize","Stroke",2021,159.517578000559
"Belize","Diabetes mellitus",2021,159.363919934446
"Benin","Neonatal disorders",2020,12757.0625668967
"Benin","Malaria",2020,11267.4347996198
"Benin","Lower respiratory infections",2020,9365.60129680472
"Benin","Neonatal disorders",2021,12665.7346106185
"Benin","Malaria",2021,10266.8618295363
"Benin","Lower respiratory infections",2021,9271.9801448919
"Bermuda","Ischemic heart disease",2020,117.884187698146
"Bermuda","Stroke",2020,47.417229452886
"Bermuda","Alzheimer's disease and other dementias",2020,33.4011639173249
"Bermuda","Ischemic heart disease",2021,123.601231683381
"Bermuda","Stroke",2021,49.3012257761605
"Bermuda","Alzheimer's disease and other dementias",2021,34.8485156801648
"Bhutan","Ischemic heart disease",2020,672.558119236224
"Bhutan","Chronic obstructive pulmonary disease",2020,474.899684419453
"Bhutan","Stroke",2020,346.650738112358
"Bhutan","Ischemic heart disease",2021,685.981664986177
"Bhutan","Chronic obstructive pulmonary disease",2021,482.251870987137
"Bhutan","Stroke",2021,354.489154673106
"Bolivia (Plurinational State of)","Ischemic heart disease",2020,8115.80494794781
"Bolivia (Plurinational State of)","Lower respiratory infections",2020,6707.02682610746
"Bolivia (Plurinational State of)","Stroke",2020,5534.62939435198
"Bolivia (Plurinational State of)","Ischemic heart disease",2021,8404.77367553645
"Bolivia (Plurinational State of)","Lower respiratory infections",2021,6764.06657921003
"Bolivia (Plurinational State of)","Stroke",2021,5695.49242569586
"Bosnia and Herzegovina","Ischemic heart disease",2020,9356.29928395241
"Bosnia and Herzegovina","Stroke",2020,7304.02570160991
"Bosnia and Herzegovina","Tracheal, bronchus, and lung cancer",2020,2327.09577407462
"Bosnia and Herzegovina","Ischemic heart disease",2021,9712.40834097848
"Bosnia and Herzegovina","Stroke",2021,7196.11320744996
"Bosnia and Herzegovina","Tracheal, bronchus, and lung cancer",2021,2309.92956618356
"Botswana","HIV/AIDS",2020,6145.51775142473
"Botswana","Lower respiratory infections",2020,1526.2418173458
"Botswana","Ischemic heart disease",2020,1485.3085784923
"Botswana","HIV/AIDS",2021,6987.53882474693
"Botswana","Ischemic heart disease",2021,1552.79120005797
"Botswana","Lower respiratory infections",2021,1543.39779333536
"Brazil","Ischemic heart disease",2020,174080.130736138
"Brazil","Stroke",2020,132078.204216395
"Brazil","Lower respiratory infections",2020,94059.5767523229
"Brazil","Ischemic heart disease",2021,177138.087896968
"Brazil","Stroke",2021,134931.471897274
"Brazil","Lower respiratory infections",2021,96368.8207178647
"Brunei Darussalam","Ischemic heart disease",2020,268.33216914543
"Brunei Darussalam","Diabetes mellitus",2020,166.380869769764
"Brunei Darussalam","Stroke",2020,149.116256808732
"Brunei Darussalam","Ischemic heart disease",2021,277.778842972511
"Brunei Darussalam","Diabetes mellitus",2021,167.698635936673
"Brunei Darussalam","Stroke",2021,156.96651710104
"Bulgaria","Ischemic heart disease",2020,38401.1312987673
"Bulgaria","Stroke",2020,29406.0694011492
"Bulgaria","Hypertensive heart disease",2020,9997.21923429568
"Bulgaria","Ischemic heart disease",2021,41143.3078987317
"Bulgaria","Stroke",2021,30058.6098469018
"Bulgaria","Hypertensive heart disease",2021,9388.76379452513
"Burkina Faso","Lower respiratory infections",2020,26297.1052395251
"Burkina Faso","Neonatal disorders",2020,20112.9396713191
"Burkina Faso","Malaria",2020,18272.9229562263
"Burkina Faso","Lower respiratory infections",2021,27312.8450857638
"Burkina Faso","Neonatal disorders",2021,20582.9410910186
"Burkina Faso","Diarrheal diseases",2021,16741.7072234269
"Burundi","Tuberculosis",2020,9398.24620727825
"Burundi","Diarrheal diseases",2020,9339.15942959894
"Burundi","Malaria",2020,8487.30509429926
"Burundi","Tuberculosis",2021,9883.16611085219
"Burundi","Diarrheal diseases",2021,9300.90454199413
"Burundi","Malaria",2021,9290.1074297033
"Côte d'Ivoire","Neonatal disorders",2020,22306.0613660629
"Côte d'Ivoire","Malaria",2020,20561.1721179243
"Côte d'Ivoire","Lower respiratory infections",2020,17099.8479833001
"Côte d'Ivoire","Neonatal disorders",2021,21430.3826867044
"Côte d'Ivoire","Malaria",2021,17031.2149681236
"Côte d'Ivoire","Lower respiratory infections",2021,16686.2577478865
"Cabo Verde","Ischemic heart disease",2020,617.907010333147
"Cabo Verde","Stroke",2020,364.418733769411
"Cabo Verde","Lower respiratory infections",2020,331.719011405932
"Cabo Verde","Ischemic heart disease",2021,666.371331349129
"Cabo Verde","Stroke",2021,393.272717150191
"Cabo Verde","Lower respiratory infections",2021,363.863839160884
"Cambodia","Stroke",2020,15394.1674913003
"Cambodia","Lower respiratory infections",2020,13326.2419998397
"Cambodia","Ischemic heart disease",2020,11940.1505535485
"Cambodia","Stroke",2021,15966.8121137915
"Cambodia","Lower respiratory infections",2021,14029.8187278885
"Cambodia","Ischemic heart disease",2021,12428.1088278591
"Cameroon","Malaria",2020,19399.1061561846
"Cameroon","HIV/AIDS",2020,17480.2214560774
"Cameroon","Lower respiratory infections",2020,16143.1247381396
"Cameroon","Malaria",2021,18499.2338013014
"Cameroon","Lower respiratory infections",2021,15342.158567642
"Cameroon","Neonatal disorders",2021,13876.0278265311
"Canada","Ischemic heart disease",2020,50898.3881227196
"Canada","Tracheal, bronchus, and lung cancer",2020,23677.6726223147
"Canada","Stroke",2020,19329.2389586174
"Canada","Ischemic heart disease",2021,53746.6648262783
"Canada","Tracheal, bronchus, and lung cancer",2021,23942.1337576172
"Canada","Stroke",2021,20404.9254861704
"Central African Republic","Diarrheal diseases",2020,8954.25306483426
"Central African Republic","Tuberculosis",2020,8585.09657781409
"Central African Republic","HIV/AIDS",2020,5761.97580637061
"Central African Republic","Diarrheal diseases",2021,9104.83177221028
"Central African Republic","Tuberculosis",2021,8544.24781698831
"Central African Republic","HIV/AIDS",2021,5763.51224421315
"Chad","Diarrheal diseases",2020,28857.5678462211
"Chad","Lower respiratory infections",2020,19211.6188906407
"Chad","Neonatal disorders",2020,17948.8678399455
"Chad","Diarrheal diseases",2021,27909.9520151416
"Chad","Lower respiratory infections",2021,19215.9116013077
"Chad","Neonatal disorders",2021,18422.0223278015
"Chile","Ischemic heart disease",2020,12152.8290524827
"Chile","Stroke",2020,10474.3116774829
"Chile","Lower respiratory infections",2020,5568.80858753774
"Chile","Ischemic heart disease",2021,12464.6770010432
"Chile","Stroke",2021,10605.7747000956
"Chile","Lower respiratory infections",2021,6106.87661601649
"China","Stroke",2020,2125879.85496743
"China","Ischemic heart disease",2020,1882021.55648785
"China","Chronic obstructive pulmonary disease",2020,1023488.5183338
"China","Stroke",2021,2134411.50913496
"China","Ischemic heart disease",2021,1899601.18771029
"China","Chronic obstructive pulmonary disease",2021,1043216.97681915
"Colombia","Ischemic heart disease",2020,42115.8775440853
"Colombia","Interpersonal violence",2020,19104.0872006726
"Colombia","Stroke",2020,17191.0030314632
"Colombia","Ischemic heart disease",2021,43128.1801603451
"Colombia","Interpersonal violence",2021,20897.1128370163
"Colombia","Stroke",2021,17843.0046664313
"Comoros","Stroke",2020,486.595072400875
"Comoros","Lower respiratory infections",2020,470.153654393783
"Comoros","Ischemic heart disease",2020,469.752942433321
"Comoros","Stroke",2021,507.80691450807
"Comoros","Ischemic heart disease",2021,487.690462303741
"Comoros","Lower respiratory infections",2021,475.03282022718
"Congo","HIV/AIDS",2020,4400.11549860434
"Congo","Ischemic heart disease",2020,2942.41337905474
"Congo","Stroke",2020,2690.56065564448
"Congo","HIV/AIDS",2021,4429.80641459113
"Congo","Ischemic heart disease",2021,3076.56475297936
"Congo","Stroke",2021,2806.82046821551
"Cook Islands","Diabetes mellitus",2020,27.0157607775206
"Cook Islands","Ischemic heart disease",2020,25.8991889136367
"Cook Islands","Hypertensive heart disease",2020,16.2822667365327
"Cook Islands","Diabetes mellitus",2021,27.6238553921704
"Cook Islands","Ischemic heart disease",2021,26.8513993284338
"Cook Islands","Hypertensive heart disease",2021,16.7531509097716
"Costa Rica","Ischemic heart disease",2020,4066.37488992673
"Costa Rica","Stroke",2020,1663.77305653785
"Costa Rica","Chronic kidney disease",2020,1424.29418324862
"Costa Rica","Ischemic heart disease",2021,4317.14442659402
"Costa Rica","Stroke",2021,1783.31044075261
"Costa Rica","Chronic kidney disease",2021,1480.54255628486
"Croatia","Ischemic heart disease",2020,12814.4656409063
"Croatia","Stroke",2020,7482.31372215473
"Croatia","Tracheal, bronchus, and lung cancer",2020,2715.25756623332
"Croatia","Ischemic heart disease",2021,12768.4621290663
"Croatia","Stroke",2021,7602.12552109521
"Croatia","Tracheal, bronchus, and lung cancer",2021,2599.40228506954
"Cuba","Ischemic heart disease",2020,24730.8916618376
"Cuba","Stroke",2020,11611.3131029136
"Cuba","Lower respiratory infections",2020,7879.26344245437
"Cuba","Ischemic heart disease",2021,26128.610391705
"Cuba","Stroke",2021,12045.1079185897
"Cuba","Lower respiratory infections",2021,8349.93708513794
"Cyprus","Ischemic heart disease",2020,1577.74675586441
"Cyprus","Stroke",2020,758.074921788727
"Cyprus","Diabetes mellitus",2020,481.113286695236
"Cyprus","Ischemic heart disease",2021,1625.55348644363
"Cyprus","Stroke",2021,788.109143502612
"Cyprus","Diabetes mellitus",2021,491.222453297295
"Czechia","Ischemic heart disease",2020,33610.0335056058
"Czechia","Stroke",2020,11197.4065579186
"Czechia","Tracheal, bronchus, and lung cancer",2020,5979.73406871882
"Czechia","Ischemic heart disease",2021,34218.9311431541
"Czechia","Stroke",2021,11444.3307474719
"Czechia","Tracheal, bronchus, and lung cancer",2021,5856.72165903323
"Democratic People's Republic of Korea","Stroke",2020,55283.7887631302
"Democratic People's Republic of Korea","Ischemic heart disease",2020,35844.2913458053
"Democratic People's Republic of Korea","Chronic obstructive pulmonary disease",2020,30069.2082200974
"Democratic People's Republic of Korea","Stroke",2021,55405.0962407913
"Democratic People's Republic of Korea","Ischemic heart disease",2021,36155.6131990142
"Democratic People's Republic of Korea","Chronic obstructive pulmonary disease",2021,30416.7285695408
"Democratic Republic of the Congo","Tuberculosis",2020,42136.505247208
"Democratic Republic of the Congo","Lower respiratory infections",2020,42059.6915589379
"Democratic Republic of the Congo","Malaria",2020,41920.262252054
"Democratic Republic of the Congo","Lower respiratory infections",2021,40074.3903318605
"Democratic Republic of the Congo","Tuberculosis",2021,39070.0744522183
"Democratic Republic of the Congo","Neonatal disorders",2021,35409.8534428746
"Denmark","Ischemic heart disease",2020,7833.62212124832
"Denmark","Stroke",2020,4517.57012968343
"Denmark","Chronic obstructive pulmonary disease",2020,4444.67527381549
"Denmark","Ischemic heart disease",2021,8436.47089057885
"Denmark","Stroke",2021,4644.36923210159
"Denmark","Chronic obstructive pulmonary disease",2021,4585.78182514139
"Djibouti","HIV/AIDS",2020,668.97699846931
"Djibouti","Neonatal disorders",2020,566.684242219156
"Djibouti","Lower respiratory infections",2020,542.961131247783
"Djibouti","Ischemic heart disease",2021,537.377330130177
"Djibouti","HIV/AIDS",2021,528.805130131785
"Djibouti","Stroke",2021,527.254457134701
"Dominica","Ischemic heart disease",2020,85.7768468253895
"Dominica","Stroke",2020,66.450805965636
"Dominica","Diabetes mellitus",2020,58.6971246603595
"Dominica","Ischemic heart disease",2021,88.8940192319768
"Dominica","Stroke",2021,66.1143325803795
"Dominica","Diabetes mellitus",2021,60.022758177237
"Dominican Republic","Ischemic heart disease",2020,16122.906980962
"Dominican Republic","Stroke",2020,8498.80927765713
"Dominican Republic","Neonatal disorders",2020,3441.86353404031
"Dominican Republic","Ischemic heart disease",2021,16413.9572402617
"Dominican Republic","Stroke",2021,8593.88921152387
"Dominican Republic","Cirrhosis and other chronic liver diseases",2021,3539.75390419198
"Ecuador","Ischemic heart disease",2020,11037.3580718203
"Ecuador","Chronic kidney disease",2020,6626.94599720832
"Ecuador","Stroke",2020,6227.8502854264
"Ecuador","Ischemic heart disease",2021,11346.7309496893
"Ecuador","Chronic kidney disease",2021,6511.39672435563
"Ecuador","Stroke",2021,6356.2757725509
"Egypt","Ischemic heart disease",2020,187877.959373136
"Egypt","Cirrhosis and other chronic liver diseases",2020,64137.7900462722
"Egypt","Stroke",2020,46270.9004755426
"Egypt","Ischemic heart disease",2021,192601.453674844
"Egypt","Cirrhosis and other chronic liver diseases",2021,65636.7954555128
"Egypt","Stroke",2021,46447.3706069806
"El Salvador","Ischemic heart disease",2020,6738.41768455621
"El Salvador","Chronic kidney disease",2020,4045.08411916589
"El Salvador","Interpersonal violence",2020,3318.66457729394
"El Salvador","Ischemic heart disease",2021,6941.22240871122
"El Salvador","Chronic kidney disease",2021,4016.6154390203
"El Salvador","Interpersonal violence",2021,2960.4753890109
"Equatorial Guinea","HIV/AIDS",2020,2045.70310061263
"Equatorial Guinea","Malaria",2020,774.490087657678
"Equatorial Guinea","Neonatal disorders",2020,433.857672300839
"Equatorial Guinea","HIV/AIDS",2021,2011.04125175144
"Equatorial Guinea","Malaria",2021,785.381495990986
"Equatorial Guinea","Lower respiratory infections",2021,464.110596970621
"Eritrea","Tuberculosis",2020,4548.57933226032
"Eritrea","Lower respiratory infections",2020,4041.32371323083
"Eritrea","Diarrheal diseases",2020,3903.32516749623
"Eritrea","Tuberculosis",2021,4447.64514972175
"Eritrea","Lower respiratory infections",2021,3856.50167268071
"Eritrea","Diarrheal diseases",2021,3614.61175083944
"Estonia","Ischemic heart disease",2020,4474.87751997911
"Estonia","Hypertensive heart disease",2020,2080.48675152862
"Estonia","Stroke",2020,1315.90233402161
"Estonia","Ischemic heart disease",2021,4686.52284829106
"Estonia","Hypertensive heart disease",2021,2036.31504376822
"Estonia","Stroke",2021,1474.41279068562
"Eswatini","Diabetes mellitus",2020,607.057488711364
"Eswatini","Stroke",2020,544.983154874495
"Eswatini","Lower respiratory infections",2020,534.600188846951
"Eswatini","Diabetes mellitus",2021,582.792268912774
"Eswatini","Stroke",2021,528.768428639052
"Eswatini","Ischemic heart disease",2021,502.567046800912
"Ethiopia","Neonatal disorders",2020,73821.8155997909
"Ethiopia","Diarrheal diseases",2020,62103.0568656025
"Ethiopia","Lower respiratory infections",2020,48158.0507300138
"Ethiopia","Neonatal disorders",2021,70352.9849991792
"Ethiopia","Diarrheal diseases",2021,67062.6997447741
"Ethiopia","Lower respiratory infections",2021,49326.0056138368
"Fiji","Diabetes mellitus",2020,1736.56795644139
"Fiji","Ischemic heart disease",2020,1621.47770826131
"Fiji","Stroke",2020,672.900570739872
"Fiji","Diabetes mellitus",2021,1756.24093539761
"Fiji","Ischemic heart disease",2021,1656.26422413265
"Fiji","Stroke",2021,703.755467645809
"Finland","Ischemic heart disease",2020,14765.5485771317
"Finland","Stroke",2020,5753.33643515011
"Finland","Alzheimer's disease and other dementias",2020,3495.17239386727
"Finland","Ischemic heart disease",2021,15020.7389869929
"Finland","Stroke",2021,5941.96563971918
"Finland","Alzheimer's disease and other dementias",2021,3647.04516456039
"France","Ischemic heart disease",2020,68820.0963658137
"France","Alzheimer's disease and other dementias",2020,49473.8775980249
"France","Stroke",2020,45721.7979788867
"France","Ischemic heart disease",2021,70794.4390071508
"France","Alzheimer's disease and other dementias",2021,51919.5486426534
"France","Stroke",2021,47111.6415537302
"Gabon","Ischemic heart disease",2020,992.276762962502
"Gabon","Malaria",2020,935.270704147742
"Gabon","Stroke",2020,861.472755340817
"Gabon","Ischemic heart disease",2021,1011.32466794666
"Gabon","Malaria",2021,1003.31615461157
"Gabon","Stroke",2021,874.857736357205
"Gambia","Ischemic heart disease",2020,1238.66608875955
"Gambia","Lower respiratory infections",2020,1204.60955170683
"Gambia","Neonatal disorders",2020,1058.24907081127
"Gambia","Ischemic heart disease",2021,1279.95970976768
"Gambia","Lower respiratory infections",2021,1206.74970527507
"Gambia","Stroke",2021,1005.62310504246
"Georgia","Ischemic heart disease",2020,13465.459251098
"Georgia","Stroke",2020,8666.75689880824
"Georgia","Hypertensive heart disease",2020,4031.59076601526
"Georgia","Ischemic heart disease",2021,13721.2308771662
"Georgia","Stroke",2021,8009.14082374969
"Georgia","Hypertensive heart disease",2021,3852.0332562644
"Germany","Ischemic heart disease",2020,195353.925720779
"Germany","Stroke",2020,77063.344013817
"Germany","Alzheimer's disease and other dementias",2020,53043.0301475334
"Germany","Ischemic heart disease",2021,204023.36235928
"Germany","Stroke",2021,80820.4514539892
"Germany","Alzheimer's disease and other dementias",2021,55879.5416065499
"Ghana","Stroke",2020,17203.408216061
"Ghana","Ischemic heart disease",2020,16234.2780448802
"Ghana","Lower respiratory infections",2020,15867.5720511927
"Ghana","Stroke",2021,17338.3547466471
"Ghana","Ischemic heart disease",2021,16658.0096329068
"Ghana","Lower respiratory infections",2021,15487.8939386068
"Greece","Ischemic heart disease",2020,25575.3516312662
"Greece","Stroke",2020,21345.8476261248
"Greece","Tracheal, bronchus, and lung cancer",2020,8676.9187454343
"Greece","Ischemic heart disease",2021,26123.7570947017
"Greece","Stroke",2021,22766.2874552751
"Greece","Tracheal, bronchus, and lung cancer",2021,8730.28090366404
"Greenland","Ischemic heart disease",2020,60.3993148583632
"Greenland","Tracheal, bronchus, and lung cancer",2020,53.1336470620979
"Greenland","Stroke",2020,45.6129417202328
"Greenland","Ischemic heart disease",2021,63.1960275824021
"Greenland","Tracheal, bronchus, and lung cancer",2021,53.977497644366
"Greenland","Stroke",2021,47.7947460397175
"Grenada","Ischemic heart disease",2020,109.029201997383
"Grenada","Stroke",2020,93.4333156847154
"Grenada","Diabetes mellitus",2020,73.3207934856776
"Grenada","Ischemic heart disease",2021,111.607369462827
"Grenada","Stroke",2021,95.3614645566175
"Grenada","Diabetes mellitus",2021,73.7743138949359
"Guam","Ischemic heart disease",2020,337.930288482448
"Guam","Stroke",2020,100.491670130842
"Guam","Tracheal, bronchus, and lung cancer",2020,62.7817131557381
"Guam","Ischemic heart disease",2021,352.339522429276
"Guam","Stroke",2021,106.226137847303
"Guam","Tracheal, bronchus, and lung cancer",2021,64.9853289519784
"Guatemala","Ischemic heart disease",2020,10103.4006430994
"Guatemala","Lower respiratory infections",2020,9987.87834642152
"Guatemala","Diabetes mellitus",2020,6927.35567781635
"Guatemala","Ischemic heart disease",2021,10562.742667402
"Guatemala","Lower respiratory infections",2021,10283.7579572206
"Guatemala","Diabetes mellitus",2021,7092.57310847876
"Guinea","Lower respiratory infections",2020,14348.4072401995
"Guinea","Neonatal disorders",2020,11495.9623598361
"Guinea","Malaria",2020,9200.75914869936
"Guinea","Lower respiratory infections",2021,14409.8588404831
"Guinea","Neonatal disorders",2021,11752.5912371289
"Guinea","Malaria",2021,7931.92427127038
"Guinea-Bissau","Neonatal disorders",2020,1450.3371252029
"Guinea-Bissau","Diarrheal diseases",2020,1183.27918277904
"Guinea-Bissau","Lower respiratory infections",2020,1092.56719760336
"Guinea-Bissau","Neonatal disorders",2021,1369.02749357698
"Guinea-Bissau","Diarrheal diseases",2021,1102.08638411246
"Guinea-Bissau","Lower respiratory infections",2021,1064.56008588486
"Guyana","Ischemic heart disease",2020,1062.61241848626
"Guyana","Stroke",2020,854.390848322619
"Guyana","Diabetes mellitus",2020,562.754524197291
"Guyana","Ischemic heart disease",2021,1072.81196886898
"Guyana","Stroke",2021,868.903992533012
"Guyana","Diabetes mellitus",2021,575.939289583929
"Haiti","Ischemic heart disease",2020,11347.7146307023
"Haiti","Stroke",2020,10121.3441387827
"Haiti","Lower respiratory infections",2020,6271.81892302174
"Haiti","Ischemic heart disease",2021,11590.1054078172
"Haiti","Stroke",2021,10271.1671928336
"Haiti","Lower respiratory infections",2021,6154.96510166673
"Honduras","Ischemic heart disease",2020,8180.82202297938
"Honduras","Stroke",2020,5877.11435188895
"Honduras","Interpersonal violence",2020,3369.48931287222
"Honduras","Ischemic heart disease",2021,8508.40981214571
"Honduras","Stroke",2021,6080.83387533376
"Honduras","Chronic kidney disease",2021,3450.50547484117
"Hungary","Ischemic heart disease",2020,36547.0648487654
"Hungary","Stroke",2020,13699.5885777147
"Hungary","Tracheal, bronchus, and lung cancer",2020,8707.29765679957
"Hungary","Ischemic heart disease",2021,36834.2445467715
"Hungary","Stroke",2021,14177.0226373655
"Hungary","Tracheal, bronchus, and lung cancer",2021,8546.21028514038
"Iceland","Ischemic heart disease",2020,439.52621630838
"Iceland","Alzheimer's disease and other dementias",2020,157.738468797103
"Iceland","Stroke",2020,154.520911977403
"Iceland","Ischemic heart disease",2021,449.929861589518
"Iceland","Alzheimer's disease and other dementias",2021,163.727916451176
"Iceland","Stroke",2021,160.946768260319
"India","Ischemic heart disease",2020,1589547.84316353
"India","Chronic obstructive pulmonary disease",2020,939448.842949809
"India","Stroke",2020,723050.839771287
"India","Ischemic heart disease",2021,1644059.99496142
"India","Chronic obstructive pulmonary disease",2021,972421.966693541
"India","Stroke",2021,747667.141579819
"Indonesia","Stroke",2020,337715.272617956
"Indonesia","Ischemic heart disease",2020,248706.032599795
"Indonesia","Diabetes mellitus",2020,113380.895671309
"Indonesia","Stroke",2021,342593.860728501
"Indonesia","Ischemic heart disease",2021,252755.856287818
"Indonesia","Diabetes mellitus",2021,117551.272442355
"Iran (Islamic Republic of)","Ischemic heart disease",2020,107602.728800018
"Iran (Islamic Republic of)","Stroke",2020,40845.4728586375
"Iran (Islamic Republic of)","Hypertensive heart disease",2020,18458.7999071136
"Iran (Islamic Republic of)","Ischemic heart disease",2021,112729.890963676
"Iran (Islamic Republic of)","Stroke",2021,41517.5466118211
"Iran (Islamic Republic of)","Hypertensive heart disease",2021,18320.5746993236
"Iraq","Ischemic heart disease",2020,46950.980014311
"Iraq","Stroke",2020,26868.233280994
"Iraq","Diabetes mellitus",2020,9363.26224837497
"Iraq","Ischemic heart disease",2021,48777.3728396269
"Iraq","Stroke",2021,27838.8948868081
"Iraq","Diabetes mellitus",2021,9792.34868411641
"Ireland","Ischemic heart disease",2020,6381.42126558814
"Ireland","Stroke",2020,2587.10009933999
"Ireland","Chronic obstructive pulmonary disease",2020,2470.66502288896
"Ireland","Ischemic heart disease",2021,6799.4007233824
"Ireland","Stroke",2021,2733.18055421932
"Ireland","Chronic obstructive pulmonary disease",2021,2653.61381031807
"Israel","Ischemic heart disease",2020,6675.0412107974
"Israel","Stroke",2020,3636.95266592542
"Israel","Alzheimer's disease and other dementias",2020,2949.32647394407
"Israel","Ischemic heart disease",2021,7115.81412410397
"Israel","Stroke",2021,3860.64820384457
"Israel","Alzheimer's disease and other dementias",2021,3079.82251363936
"Italy","Ischemic heart disease",2020,103035.627276039
"Italy","Stroke",2020,68959.4576208338
"Italy","Alzheimer's disease and other dementias",2020,48385.5536060636
"Italy","Ischemic heart disease",2021,106054.385286337
"Italy","Stroke",2021,71083.4314769235
"Italy","Alzheimer's disease and other dementias",2021,48773.3905593507
"Jamaica","Stroke",2020,3091.43759356866
"Jamaica","Diabetes mellitus",2020,2458.32342514401
"Jamaica","Ischemic heart disease",2020,2259.40416953331
"Jamaica","Stroke",2021,3231.1583567964
"Jamaica","Diabetes mellitus",2021,2539.93731857039
"Jamaica","Ischemic heart disease",2021,2351.82647643816
"Japan","Alzheimer's disease and other dementias",2020,171236.858720434
"Japan","Stroke",2020,145494.664983227
"Japan","Ischemic heart disease",2020,138788.321469088
"Japan","Alzheimer's disease and other dementias",2021,175631.252829789
"Japan","Stroke",2021,149220.198198258
"Japan","Ischemic heart disease",2021,140160.865085928
"Jordan","Ischemic heart disease",2020,6575.43225644946
"Jordan","Stroke",2020,3601.04645870485
"Jordan","Diabetes mellitus",2020,2094.75809686023
"Jordan","Ischemic heart disease",2021,7168.4302737516
"Jordan","Stroke",2021,3910.44736838688
"Jordan","Diabetes mellitus",2021,2234.72633186653
"Kazakhstan","Ischemic heart disease",2020,30554.0120392693
"Kazakhstan","Stroke",2020,25115.3625068758
"Kazakhstan","Chronic obstructive pulmonary disease",2020,10282.0678234639
"Kazakhstan","Ischemic heart disease",2021,30038.8667742008
"Kazakhstan","Stroke",2021,25978.4023794268
"Kazakhstan","Chronic obstructive pulmonary disease",2021,11282.6363468137
"Kenya","HIV/AIDS",2020,48758.6205357593
"Kenya","Lower respiratory infections",2020,19875.7362327664
"Kenya","Stroke",2020,17819.004177109
"Kenya","HIV/AIDS",2021,50491.0841876799
"Kenya","Lower respiratory infections",2021,18997.4007910509
"Kenya","Stroke",2021,18087.1364453782
"Kiribati","Ischemic heart disease",2020,161.818857655417
"Kiribati","Stroke",2020,150.953023636591
"Kiribati","Diabetes mellitus",2020,133.786262697213
"Kiribati","Ischemic heart disease",2021,165.32982716778
"Kiribati","Stroke",2021,154.36142105979
"Kiribati","Diabetes mellitus",2021,135.5205889893
"Kuwait","Ischemic heart disease",2020,2614.80171777964
"Kuwait","Stroke",2020,810.44910621024
"Kuwait","Lower respiratory infections",2020,703.81219781348
"Kuwait","Ischemic heart disease",2021,2744.71186979357
"Kuwait","Stroke",2021,797.148740109549
"Kuwait","Lower respiratory infections",2021,725.254803593999
"Kyrgyzstan","Ischemic heart disease",2020,10918.6229626772
"Kyrgyzstan","Stroke",2020,4293.5505955585
"Kyrgyzstan","Cirrhosis and other chronic liver diseases",2020,1899.65430502179
"Kyrgyzstan","Ischemic heart disease",2021,10613.2944615667
"Kyrgyzstan","Stroke",2021,4319.88465393885
"Kyrgyzstan","Cirrhosis and other chronic liver diseases",2021,1801.45659159752
"Lao People's Democratic Republic","Stroke",2020,6226.41168144398
"Lao People's Democratic Republic","Ischemic heart disease",2020,5726.93664688523
"Lao People's Democratic Republic","Lower respiratory infections",2020,3461.14454525009
"Lao People's Democratic Republic","Stroke",2021,6373.03985179844
"Lao People's Democratic Republic","Ischemic heart disease",2021,5886.94483792824
"Lao People's Democratic Republic","Lower respiratory infections",2021,3540.42662269018
"Latvia","Ischemic heart disease",2020,8873.40457729573
"Latvia","Stroke",2020,5105.77061654015
"Latvia","Alzheimer's disease and other dementias",2020,1072.65784817632
"Latvia","Ischemic heart disease",2021,8893.03068481894
"Latvia","Stroke",2021,5310.54125710236
"Latvia","Alzheimer's disease and other dementias",2021,1110.01066081662
"Lebanon","Ischemic heart disease",2020,12419.5396579644
"Lebanon","Stroke",2020,1764.31350002388
"Lebanon","Tracheal, bronchus, and lung cancer",2020,1387.7122649341
"Lebanon","Ischemic heart disease",2021,12442.7320915706
"Lebanon","Stroke",2021,1760.6308891657
"Lebanon","Tracheal, bronchus, and lung cancer",2021,1358.08279897502
"Lesotho","HIV/AIDS",2020,8712.96944717993
"Lesotho","Tuberculosis",2020,2138.78443527681
"Lesotho","Lower respiratory infections",2020,1696.92521296455
"Lesotho","HIV/AIDS",2021,7761.21159187144
"Lesotho","Tuberculosis",2021,1835.09227728922
"Lesotho","Stroke",2021,1571.92374839555
"Liberia","Malaria",2020,4445.27852500227
"Liberia","Diarrheal diseases",2020,2984.28528885233
"Liberia","Neonatal disorders",2020,2173.93542789137
"Liberia","Malaria",2021,4531.83591744346
"Liberia","Diarrheal diseases",2021,3237.64132765324
"Liberia","Lower respiratory infections",2021,2123.27248123262
"Libya","Ischemic heart disease",2020,8238.6557575342
"Libya","Stroke",2020,3223.15147070972
"Libya","Road injuries",2020,2153.56426336562
"Libya","Ischemic heart disease",2021,8692.94841934728
"Libya","Stroke",2021,3376.89213083583
"Libya","Road injuries",2021,2164.98714351036
"Lithuania","Ischemic heart disease",2020,14578.7522148881
"Lithuania","Stroke",2020,4763.15193107056
"Lithuania","Alzheimer's disease and other dementias",2020,1642.16877797928
"Lithuania","Ischemic heart disease",2021,14472.0805489288
"Lithuania","Stroke",2021,4666.14148380886
"Lithuania","Alzheimer's disease and other dementias",2021,1716.77851915459
"Luxembourg","Ischemic heart disease",2020,613.455905094142
"Luxembourg","Stroke",2020,336.949303839472
"Luxembourg","Tracheal, bronchus, and lung cancer",2020,282.658093035288
"Luxembourg","Ischemic heart disease",2021,628.058584187843
"Luxembourg","Stroke",2021,341.74153469135
"Luxembourg","Tracheal, bronchus, and lung cancer",2021,282.948421891347
"Madagascar","Diarrheal diseases",2020,17018.598630895
"Madagascar","Stroke",2020,16375.4771965953
"Madagascar","Lower respiratory infections",2020,13964.8431976402
"Madagascar","Stroke",2021,16990.1710527314
"Madagascar","Diarrheal diseases",2021,15663.5411407032
"Madagascar","Lower respiratory infections",2021,13997.794557652
"Malawi","Lower respiratory infections",2020,9749.25371321141
"Malawi","Neonatal disorders",2020,9394.72509155334
"Malawi","Tuberculosis",2020,8570.93845901331
"Malawi","Lower respiratory infections",2021,9984.42923488229
"Malawi","Tuberculosis",2021,8963.34883053093
"Malawi","Neonatal disorders",2021,8897.45249000882
"Malaysia","Ischemic heart disease",2020,34513.5203556236
"Malaysia","Lower respiratory infections",2020,23627.9824429026
"Malaysia","Stroke",2020,20440.4684751916
"Malaysia","Ischemic heart disease",2021,36129.4077379942
"Malaysia","Lower respiratory infections",2021,24590.6862757179
"Malaysia","Stroke",2021,21336.7681330394
"Maldives","Ischemic heart disease",2020,324.78693257139
"Maldives","Stroke",2020,167.418976933157
"Maldives","Chronic obstructive pulmonary disease",2020,96.1410805609856
"Maldives","Ischemic heart disease",2021,344.673760791195
"Maldives","Stroke",2021,178.313737208104
"Maldives","Chronic kidney disease",2021,100.89936699872
"Mali","Neonatal disorders",2020,33070.501956732
"Mali","Protein-energy malnutrition",2020,18155.4833234702
"Mali","Lower respiratory infections",2020,15943.1441435452
"Mali","Neonatal disorders",2021,33708.0233677275
"Mali","Protein-energy malnutrition",2021,20181.6673479143
"Mali","Lower respiratory infections",2021,16346.4309100655
"Malta","Ischemic heart disease",2020,928.392822346185
"Malta","Stroke",2020,326.242502775704
"Malta","Alzheimer's disease and other dementias",2020,231.988740094524
"Malta","Ischemic heart disease",2021,946.688521952734
"Malta","Stroke",2021,333.241788216235
"Malta","Alzheimer's disease and other dementias",2021,243.083139107522
"Marshall Islands","Ischemic heart disease",2020,80.6186959106871
"Marshall Islands","Stroke",2020,50.7133090698979
"Marshall Islands","Diabetes mellitus",2020,36.3151267727574
"Marshall Islands","Ischemic heart disease",2021,81.8652698563159
"Marshall Islands","Stroke",2021,51.5303145449226
"Marshall Islands","Diabetes mellitus",2021,37.3234861086567
"Mauritania","Malaria",2020,2716.22447073101
"Mauritania","Ischemic heart disease",2020,1883.41552176703
"Mauritania","Neonatal disorders",2020,1737.36988117052
"Mauritania","Malaria",2021,3279.56125264611
"Mauritania","Ischemic heart disease",2021,1933.75827618342
"Mauritania","Lower respiratory infections",2021,1638.17981380748
"Mauritius","Ischemic heart disease",2020,1796.11095981888
"Mauritius","Diabetes mellitus",2020,1710.36605971489
"Mauritius","Chronic kidney disease",2020,1251.07805674998
"Mauritius","Ischemic heart disease",2021,1935.08633111405
"Mauritius","Diabetes mellitus",2021,1613.14073861184
"Mauritius","Stroke",2021,1278.34451770796
"Mexico","Ischemic heart disease",2020,114478.319668215
"Mexico","Diabetes mellitus",2020,78805.0150138912
"Mexico","Chronic kidney disease",2020,72232.4254960304
"Mexico","Ischemic heart disease",2021,119711.120511716
"Mexico","Diabetes mellitus",2021,83125.2083844709
"Mexico","Chronic kidney disease",2021,73418.3882901417
"Micronesia (Federated States of)","Ischemic heart disease",2020,177.115741920769
"Micronesia (Federated States of)","Diabetes mellitus",2020,110.829506445029
"Micronesia (Federated States of)","Stroke",2020,110.410282470859
"Micronesia (Federated States of)","Ischemic heart disease",2021,180.585837053239
"Micronesia (Federated States of)","Diabetes mellitus",2021,113.555724071898
"Micronesia (Federated States of)","Stroke",2021,113.130207210717
"Monaco","Ischemic heart disease",2020,83.5939013611192
"Monaco","Tracheal, bronchus, and lung cancer",2020,55.9162536842118
"Monaco","Stroke",2020,47.6598597930935
"Monaco","Ischemic heart disease",2021,84.8517372646794
"Monaco","Tracheal, bronchus, and lung cancer",2021,54.2084560113032
"Monaco","Stroke",2021,49.054419119258
"Mongolia","Ischemic heart disease",2020,5239.70143867065
"Mongolia","Stroke",2020,3988.38777416811
"Mongolia","Liver cancer",2020,2338.2498163675
"Mongolia","Ischemic heart disease",2021,5632.42545665439
"Mongolia","Stroke",2021,4034.07180378577
"Mongolia","Liver cancer",2021,2359.57292285869
"Montenegro","Stroke",2020,1909.86610251113
"Montenegro","Ischemic heart disease",2020,1509.95335380229
"Montenegro","Tracheal, bronchus, and lung cancer",2020,525.365821378981
"Montenegro","Stroke",2021,1897.13017929113
"Montenegro","Ischemic heart disease",2021,1505.09564839735
"Montenegro","Tracheal, bronchus, and lung cancer",2021,524.118170327931
"Morocco","Ischemic heart disease",2020,76089.7888065464
"Morocco","Stroke",2020,30175.5921082835
"Morocco","Hypertensive heart disease",2020,10266.1607306054
"Morocco","Ischemic heart disease",2021,78677.2184897
"Morocco","Stroke",2021,30771.2735796664
"Morocco","Hypertensive heart disease",2021,10470.3154438211
"Mozambique","HIV/AIDS",2020,53860.9916455864
"Mozambique","Neonatal disorders",2020,24032.9972705207
"Mozambique","Tuberculosis",2020,20693.482624141
"Mozambique","HIV/AIDS",2021,46363.130929109
"Mozambique","Neonatal disorders",2021,23955.7542577132
"Mozambique","Tuberculosis",2021,20152.0052946473
"Myanmar","Stroke",2020,84158.2267868535
"Myanmar","Ischemic heart disease",2020,41786.6210923736
"Myanmar","Chronic obstructive pulmonary disease",2020,32128.3686139624
"Myanmar","Stroke",2021,86420.0289052733
"Myanmar","Ischemic heart disease",2021,42942.4966512083
"Myanmar","Chronic obstructive pulmonary disease",2021,32819.8124331884
"Namibia","HIV/AIDS",2020,2914.29507657743
"Namibia","Stroke",2020,1556.56401840326
"Namibia","Lower respiratory infections",2020,1421.31865570142
"Namibia","HIV/AIDS",2021,2735.56180024437
"Namibia","Stroke",2021,1610.95740348342
"Namibia","Ischemic heart disease",2021,1471.07211242883
"Nauru","Ischemic heart disease",2020,12.2488514493653
"Nauru","Stroke",2020,6.75756092882922
"Nauru","Diabetes mellitus",2020,6.05553129226749
"Nauru","Ischemic heart disease",2021,12.0522371639459
"Nauru","Stroke",2021,6.56638996155114
"Nauru","Diabetes mellitus",2021,6.19528570187708
"Nepal","Chronic obstructive pulmonary disease",2020,33009.3479433341
"Nepal","Ischemic heart disease",2020,24693.7688643514
"Nepal","Stroke",2020,16130.9639291344
"Nepal","Chronic obstructive pulmonary disease",2021,34067.0991613574
"Nepal","Ischemic heart disease",2021,25531.4840179906
"Nepal","Stroke",2021,16763.8692144674
"Netherlands","Ischemic heart disease",2020,19054.5439430454
"Netherlands","Stroke",2020,13593.293475348
"Netherlands","Tracheal, bronchus, and lung cancer",2020,13424.2949674536
"Netherlands","Ischemic heart disease",2021,20402.9159565742
"Netherlands","Stroke",2021,14482.5770248332
"Netherlands","Tracheal, bronchus, and lung cancer",2021,13551.2489003293
"New Zealand","Ischemic heart disease",2020,6634.06225614166
"New Zealand","Stroke",2020,2893.29659510407
"New Zealand","Chronic obstructive pulmonary disease",2020,2183.06682366688
"New Zealand","Ischemic heart disease",2021,6906.01785268444
"New Zealand","Stroke",2021,3002.29067289433
"New Zealand","Chronic obstructive pulmonary disease",2021,2285.72155480142
"Nicaragua","Ischemic heart disease",2020,5360.0043197774
"Nicaragua","Chronic kidney disease",2020,3601.9772987946
"Nicaragua","Diabetes mellitus",2020,1996.11763203708
"Nicaragua","Ischemic heart disease",2021,5575.63202583335
"Nicaragua","Chronic kidney disease",2021,3668.0456271474
"Nicaragua","Diabetes mellitus",2021,2071.18884650163
"Niger","Diarrheal diseases",2020,30638.4577990564
"Niger","Lower respiratory infections",2020,26945.0477295343
"Niger","Neonatal disorders",2020,23995.639658064
"Niger","Diarrheal diseases",2021,31738.4200741613
"Niger","Lower respiratory infections",2021,28468.7348281511
"Niger","Neonatal disorders",2021,25102.0569433405
"Nigeria","Neonatal disorders",2020,191924.727694977
"Nigeria","Lower respiratory infections",2020,177291.359715401
"Nigeria","Diarrheal diseases",2020,170661.074867558
"Nigeria","Neonatal disorders",2021,187776.335501888
"Nigeria","Lower respiratory infections",2021,176602.795723093
"Nigeria","Diarrheal diseases",2021,161841.341775775
"Niue","Ischemic heart disease",2020,4.51611702026379
"Niue","Diabetes mellitus",2020,2.66522044742953
"Niue","Stroke",2020,2.4805787459844
"Niue","Ischemic heart disease",2021,4.584485819174
"Niue","Diabetes mellitus",2021,2.6947248833865
"Niue","Stroke",2021,2.52273446317064
"North Macedonia","Stroke",2020,6990.2853565094
"North Macedonia","Ischemic heart disease",2020,5264.92402703129
"North Macedonia","Tracheal, bronchus, and lung cancer",2020,1267.6160429069
"North Macedonia","Stroke",2021,7058.78272381931
"North Macedonia","Ischemic heart disease",2021,5412.11501810734
"North Macedonia","Tracheal, bronchus, and lung cancer",2021,1265.7539664152
"Northern Mariana Islands","Ischemic heart disease",2020,66.3537617011182
"Northern Mariana Islands","Stroke",2020,41.4600015116145
"Northern Mariana Islands","Chronic kidney disease",2020,25.5695546739185
"Northern Mariana Islands","Ischemic heart disease",2021,67.4653460137575
"Northern Mariana Islands","Stroke",2021,43.2777679645568
"Northern Mariana Islands","Chronic kidney disease",2021,26.375021570412
"Norway","Ischemic heart disease",2020,6360.12677652095
"Norway","Stroke",2020,3333.23621099352
"Norway","Alzheimer's disease and other dementias",2020,2707.85590617124
"Norway","Ischemic heart disease",2021,6538.45291907809
"Norway","Stroke",2021,3398.72300752217
"Norway","Alzheimer's disease and other dementias",2021,2742.85228985671
"Oman","Ischemic heart disease",2020,3672.33894665409
"Oman","Road injuries",2020,2075.59455057231
"Oman","Stroke",2020,1089.40658689828
"Oman","Ischemic heart disease",2021,3736.91214242767
"Oman","Road injuries",2021,2047.94931070224
"Oman","Stroke",2021,1076.26338404418
"Pakistan","Neonatal disorders",2020,236861.261494526
"Pakistan","Ischemic heart disease",2020,189457.915065982
"Pakistan","Stroke",2020,110552.208743767
"Pakistan","Neonatal disorders",2021,225358.335243654
"Pakistan","Ischemic heart disease",2021,194910.20387083
"Pakistan","Stroke",2021,114264.48660562
"Palau","Ischemic heart disease",2020,41.5392137151476
"Palau","Diabetes mellitus",2020,23.2797724631531
"Palau","Stroke",2020,21.2709437450368
"Palau","Ischemic heart disease",2021,42.7728893407622
"Palau","Diabetes mellitus",2021,24.00725827583
"Palau","Stroke",2021,21.9418355137841
"Palestine","Ischemic heart disease",2020,3931.33625203177
"Palestine","Stroke",2020,2041.70833546262
"Palestine","Diabetes mellitus",2020,1460.25677966288
"Palestine","Ischemic heart disease",2021,4103.44739309774
"Palestine","Stroke",2021,2078.15548150272
"Palestine","Diabetes mellitus",2021,1568.04675417312
"Panama","Ischemic heart disease",2020,2533.39383811972
"Panama","Stroke",2020,1894.30480776511
"Panama","Diabetes mellitus",2020,1316.02928297184
"Panama","Ischemic heart disease",2021,2554.75782660988
"Panama","Stroke",2021,1964.36261968689
"Panama","Diabetes mellitus",2021,1379.32686573139
"Papua New Guinea","Ischemic heart disease",2020,7194.475497686
"Papua New Guinea","Lower respiratory infections",2020,5993.681312188
"Papua New Guinea","Stroke",2020,5442.59752702136
"Papua New Guinea","Ischemic heart disease",2021,7400.80291120018
"Papua New Guinea","Lower respiratory infections",2021,5827.26403892235
"Papua New Guinea","Stroke",2021,5587.47281557372
"Paraguay","Ischemic heart disease",2020,5007.73677059623
"Paraguay","Stroke",2020,3345.06616691866
"Paraguay","Diabetes mellitus",2020,2455.56446226204
"Paraguay","Ischemic heart disease",2021,5186.22456417596
"Paraguay","Stroke",2021,3413.35975195138
"Paraguay","Diabetes mellitus",2021,2508.10301204946
"Peru","Lower respiratory infections",2020,18209.3153182286
"Peru","Ischemic heart disease",2020,16888.2657997865
"Peru","Stroke",2020,9318.76794755058
"Peru","Lower respiratory infections",2021,18199.5078794709
"Peru","Ischemic heart disease",2021,17563.9999992669
"Peru","Stroke",2021,9633.29619546059
"Philippines","Ischemic heart disease",2020,95859.0281805652
"Philippines","Stroke",2020,67989.3668156662
"Philippines","Lower respiratory infections",2020,59535.0921000827
"Philippines","Ischemic heart disease",2021,96008.8771079255
"Philippines","Stroke",2021,66401.7007009478
"Philippines","Lower respiratory infections",2021,59419.4688683498
"Poland","Ischemic heart disease",2020,100759.426685129
"Poland","Stroke",2020,45185.0444213551
"Poland","Tracheal, bronchus, and lung cancer",2020,31258.5830205844
"Poland","Ischemic heart disease",2021,103605.141372926
"Poland","Stroke",2021,46157.8684581034
"Poland","Tracheal, bronchus, and lung cancer",2021,31539.1548997942
"Portugal","Stroke",2020,17587.7153227749
"Portugal","Ischemic heart disease",2020,13464.4113175583
"Portugal","Lower respiratory infections",2020,8712.67484105061
"Portugal","Stroke",2021,18662.0115038507
"Portugal","Ischemic heart disease",2021,14072.9008061413
"Portugal","Lower respiratory infections",2021,8945.97165351894
"Puerto Rico","Ischemic heart disease",2020,4909.2624218312
"Puerto Rico","Diabetes mellitus",2020,3298.10758738959
"Puerto Rico","Chronic kidney disease",2020,2111.5076422299
"Puerto Rico","Ischemic heart disease",2021,5097.27544112313
"Puerto Rico","Diabetes mellitus",2021,3336.19146173213
"Puerto Rico","Alzheimer's disease and other dementias",2021,2142.04548855075
"Qatar","Ischemic heart disease",2020,847.258197456969
"Qatar","Road injuries",2020,727.920956396566
"Qatar","Diabetes mellitus",2020,324.930311616473
"Qatar","Ischemic heart disease",2021,895.721969362737
"Qatar","Road injuries",2021,725.418264603847
"Qatar","Diabetes mellitus",2021,331.326115225611
"Republic of Korea","Stroke",2020,37333.4726859039
"Republic of Korea","Ischemic heart disease",2020,27382.6304661093
"Republic of Korea","Tracheal, bronchus, and lung cancer",2020,24375.7022044112
"Republic of Korea","Stroke",2021,39728.572616245
"Republic of Korea","Ischemic heart disease",2021,27849.4549842822
"Republic of Korea","Tracheal, bronchus, and lung cancer",2021,25560.7063456742
"Republic of Moldova","Ischemic heart disease",2020,15800.7038418294
"Republic of Moldova","Stroke",2020,5495.25067562492
"Republic of Moldova","Cirrhosis and other chronic liver diseases",2020,2461.84291098095
"Republic of Moldova","Ischemic heart disease",2021,15943.751436106
"Republic of Moldova","Stroke",2021,5398.92063317528
"Republic of Moldova","Cirrhosis and other chronic liver diseases",2021,2286.76012834645
"Romania","Ischemic heart disease",2020,73460.2373972845
"Romania","Stroke",2020,54373.1113912695
"Romania","Hypertensive heart disease",2020,11780.7156460299
"Romania","Ischemic heart disease",2021,76364.3558877359
"Romania","Stroke",2021,56019.7651956573
"Romania","Tracheal, bronchus, and lung cancer",2021,11782.601832107
"Russian Federation","Ischemic heart disease",2020,535338.333810126
"Russian Federation","Stroke",2020,326712.012237778
"Russian Federation","Tracheal, bronchus, and lung cancer",2020,57295.0495798453
"Russian Federation","Ischemic heart disease",2021,528816.193322919
"Russian Federation","Stroke",2021,335630.534053663
"Russian Federation","Tracheal, bronchus, and lung cancer",2021,58956.2958514727
"Rwanda","Diarrheal diseases",2020,6206.28407356989
"Rwanda","Stroke",2020,5811.59245599052
"Rwanda","Malaria",2020,5633.68928481398
"Rwanda","Diarrheal diseases",2021,7604.1838980887
"Rwanda","Malaria",2021,6761.34366080032
"Rwanda","Stroke",2021,6192.30486668735
"Saint Kitts and Nevis","Stroke",2020,68.3345045308203
"Saint Kitts and Nevis","Ischemic heart disease",2020,56.0729864077967
"Saint Kitts and Nevis","HIV/AIDS",2020,32.9447917041237
"Saint Kitts and Nevis","Stroke",2021,71.8138027574672
"Saint Kitts and Nevis","Ischemic heart disease",2021,58.9758342404226
"Saint Kitts and Nevis","HIV/AIDS",2021,34.4192381204921
"Saint Lucia","Stroke",2020,190.439161446283
"Saint Lucia","Ischemic heart disease",2020,145.010610274058
"Saint Lucia","Diabetes mellitus",2020,142.822680996647
"Saint Lucia","Stroke",2021,203.365250682584
"Saint Lucia","Ischemic heart disease",2021,153.82294988387
"Saint Lucia","Diabetes mellitus",2021,153.575825179375
"Saint Vincent and the Grenadines","Ischemic heart disease",2020,168.293001799701
"Saint Vincent and the Grenadines","Diabetes mellitus",2020,116.618162393866
"Saint Vincent and the Grenadines","Stroke",2020,115.214492293349
"Saint Vincent and the Grenadines","Ischemic heart disease",2021,172.619645363488
"Saint Vincent and the Grenadines","Diabetes mellitus",2021,122.488478009654
"Saint Vincent and the Grenadines","Stroke",2021,118.055662782186
"Samoa","Ischemic heart disease",2020,285.705461791223
"Samoa","Stroke",2020,179.502827073327
"Samoa","Diabetes mellitus",2020,120.237439174808
"Samoa","Ischemic heart disease",2021,287.487770087169
"Samoa","Stroke",2021,180.599583930125
"Samoa","Diabetes mellitus",2021,120.332388441605
"San Marino","Ischemic heart disease",2020,38.0229001350135
"San Marino","Stroke",2020,28.6422306320754
"San Marino","Tracheal, bronchus, and lung cancer",2020,20.6378707096128
"San Marino","Ischemic heart disease",2021,38.8843302100225
"San Marino","Stroke",2021,28.8676324334183
"San Marino","Tracheal, bronchus, and lung cancer",2021,20.6181281839505
"Sao Tome and Principe","Ischemic heart disease",2020,128.759249252198
"Sao Tome and Principe","Lower respiratory infections",2020,118.872109296453
"Sao Tome and Principe","Stroke",2020,108.035958994385
"Sao Tome and Principe","Ischemic heart disease",2021,132.036955923751
"Sao Tome and Principe","Lower respiratory infections",2021,122.967728890143
"Sao Tome and Principe","Stroke",2021,110.665884758506
"Saudi Arabia","Ischemic heart disease",2020,29112.0108580705
"Saudi Arabia","Road injuries",2020,21712.4425270974
"Saudi Arabia","Stroke",2020,12687.2918171834
"Saudi Arabia","Ischemic heart disease",2021,29534.8244529708
"Saudi Arabia","Road injuries",2021,21921.226860452
"Saudi Arabia","Stroke",2021,12871.8891037669
"Senegal","Neonatal disorders",2020,9194.15752588112
"Senegal","Malaria",2020,8690.53268156522
"Senegal","Diarrheal diseases",2020,7652.47065174109
"Senegal","Malaria",2021,9806.19287950026
"Senegal","Neonatal disorders",2021,8866.76242715243
"Senegal","Diarrheal diseases",2021,7906.82510178598
"Serbia","Ischemic heart disease",2020,27975.538607013
"Serbia","Stroke",2020,24594.9966351467
"Serbia","Tracheal, bronchus, and lung cancer",2020,7188.4551015482
"Serbia","Ischemic heart disease",2021,28226.6736630858
"Serbia","Stroke",2021,24425.8055469943
"Serbia","Tracheal, bronchus, and lung cancer",2021,7091.53707589273
"Seychelles","Ischemic heart disease",2020,106.468370897845
"Seychelles","Lower respiratory infections",2020,80.1282984855076
"Seychelles","Stroke",2020,67.8504335737914
"Seychelles","Ischemic heart disease",2021,108.660044265136
"Seychelles","Lower respiratory infections",2021,80.9449820711236
"Seychelles","Stroke",2021,68.2748684095591
"Sierra Leone","Malaria",2020,9060.01476301601
"Sierra Leone","Lower respiratory infections",2020,6551.39646738839
"Sierra Leone","Neonatal disorders",2020,6148.14261720919
"Sierra Leone","Malaria",2021,7536.48873330524
"Sierra Leone","Lower respiratory infections",2021,6074.8723367013
"Sierra Leone","Neonatal disorders",2021,5868.22655149278
"Singapore","Ischemic heart disease",2020,3954.33748650954
"Singapore","Lower respiratory infections",2020,3689.07807812321
"Singapore","Tracheal, bronchus, and lung cancer",2020,1622.47716913916
"Singapore","Ischemic heart disease",2021,4121.74482015486
"Singapore","Lower respiratory infections",2021,3878.39929939292
"Singapore","Alzheimer's disease and other dementias",2021,1725.10625084125
"Slovakia","Ischemic heart disease",2020,16715.1668279141
"Slovakia","Stroke",2020,5580.83152508226
"Slovakia","Tracheal, bronchus, and lung cancer",2020,2642.21736593354
"Slovakia","Ischemic heart disease",2021,16607.1919203246
"Slovakia","Stroke",2021,5549.87979707736
"Slovakia","Tracheal, bronchus, and lung cancer",2021,2693.24638636436
"Slovenia","Ischemic heart disease",2020,3213.94244918493
"Slovenia","Stroke",2020,2131.95688949544
"Slovenia","Alzheimer's disease and other dementias",2020,1412.9697826298
"Slovenia","Ischemic heart disease",2021,3398.19289227651
"Slovenia","Stroke",2021,2211.72368823189
"Slovenia","Alzheimer's disease and other dementias",2021,1480.55709086158
"Solomon Islands","Ischemic heart disease",2020,1271.9182108883
"Solomon Islands","Stroke",2020,801.355093119185
"Solomon Islands","Lower respiratory infections",2020,492.99062707158
"Solomon Islands","Ischemic heart disease",2021,1306.17768937232
"Solomon Islands","Stroke",2021,817.158345188628
"Solomon Islands","Lower respiratory infections",2021,495.452969077437
"Somalia","Tuberculosis",2020,20384.0480529472
"Somalia","Lower respiratory infections",2020,20179.3081228182
"Somalia","Neonatal disorders",2020,19788.6365658007
"Somalia","Tuberculosis",2021,20728.7809617764
"Somalia","Lower respiratory infections",2021,19951.846030277
"Somalia","Neonatal disorders",2021,19941.4558723511
"South Africa","HIV/AIDS",2020,58624.6954501793
"South Africa","Ischemic heart disease",2020,31776.240403003
"South Africa","Stroke",2020,30420.2182451193
"South Africa","Ischemic heart disease",2021,31975.8643277598
"South Africa","Stroke",2021,30223.8397150368
"South Africa","Diabetes mellitus",2021,29171.7749209406
"South Sudan","Neonatal disorders",2020,7456.00708347809
"South Sudan","Lower respiratory infections",2020,7311.56114748733
"South Sudan","Diarrheal diseases",2020,6198.52845389778
"South Sudan","Lower respiratory infections",2021,6767.62610251278
"South Sudan","Neonatal disorders",2021,6651.4998326346
"South Sudan","Diarrheal diseases",2021,5623.16583221153
"Spain","Ischemic heart disease",2020,53690.0015939924
"Spain","Stroke",2020,36867.9457881349
"Spain","Chronic obstructive pulmonary disease",2020,32333.9817950952
"Spain","Ischemic heart disease",2021,55078.8854857844
"Spain","Stroke",2021,37834.5096429154
"Spain","Chronic obstructive pulmonary disease",2021,33450.5195103461
"Sri Lanka","Ischemic heart disease",2020,24440.9437123332
"Sri Lanka","Stroke",2020,13198.755182283
"Sri Lanka","Diabetes mellitus",2020,13048.0723167889
"Sri Lanka","Ischemic heart disease",2021,24820.6664353663
"Sri Lanka","Stroke",2021,12877.0540225397
"Sri Lanka","Diabetes mellitus",2021,12862.9166188521
"Sudan","Ischemic heart disease",2020,44686.9800563691
"Sudan","Neonatal disorders",2020,20098.9180229583
"Sudan","Stroke",2020,19958.0835105264
"Sudan","Ischemic heart disease",2021,46282.6198241955
"Sudan","Stroke",2021,20387.3229741552
"Sudan","Neonatal disorders",2021,18731.9120780783
"Suriname","Ischemic heart disease",2020,637.07834676034
"Suriname","Stroke",2020,576.554060347519
"Suriname","Diabetes mellitus",2020,283.59796202942
"Suriname","Ischemic heart disease",2021,663.74926022257
"Suriname","Stroke",2021,593.425611854973
"Suriname","Diabetes mellitus",2021,296.34592281897
"Sweden","Ischemic heart disease",2020,18687.4637415104
"Sweden","Stroke",2020,8340.12265309834
"Sweden","Alzheimer's disease and other dementias",2020,5785.56121886966
"Sweden","Ischemic heart disease",2021,18871.0355656335
"Sweden","Stroke",2021,8433.63720312282
"Sweden","Alzheimer's disease and other dementias",2021,5808.23593432328
"Switzerland","Ischemic heart disease",2020,12873.9432279325
"Switzerland","Alzheimer's disease and other dementias",2020,5370.46136097876
"Switzerland","Stroke",2020,4949.23992079758
"Switzerland","Ischemic heart disease",2021,13429.8927033991
"Switzerland","Alzheimer's disease and other dementias",2021,5542.75405952373
"Switzerland","Stroke",2021,5064.27914289354
"Syrian Arab Republic","Ischemic heart disease",2020,34713.3525531926
"Syrian Arab Republic","Conflict and terrorism",2020,27985.2104709333
"Syrian Arab Republic","Stroke",2020,10013.3052193466
"Syrian Arab Republic","Ischemic heart disease",2021,35824.1553566964
"Syrian Arab Republic","Conflict and terrorism",2021,23912.3674472267
"Syrian Arab Republic","Stroke",2021,10580.3703707979
"Taiwan (Province of China)","Ischemic heart disease",2020,17282.89450398
"Taiwan (Province of China)","Stroke",2020,15576.1719865545
"Taiwan (Province of China)","Lower respiratory infections",2020,13751.9705439175
"Taiwan (Province of China)","Ischemic heart disease",2021,17710.3893422008
"Taiwan (Province of China)","Stroke",2021,16369.1638727675
"Taiwan (Province of China)","Lower respiratory infections",2021,14089.4383502942
"Tajikistan","Ischemic heart disease",2020,14533.6342490169
"Tajikistan","Stroke",2020,5670.47894670332
"Tajikistan","Lower respiratory infections",2020,3748.23301091047
"Tajikistan","Ischemic heart disease",2021,14793.3598535942
"Tajikistan","Stroke",2021,5543.97067496325
"Tajikistan","Lower respiratory infections",2021,3921.52808145788
"Thailand","Stroke",2020,53425.6199933097
"Thailand","Ischemic heart disease",2020,53196.3674859211
"Thailand","Lower respiratory infections",2020,34057.2069280758
"Thailand","Stroke",2021,56054.4879590955
"Thailand","Ischemic heart disease",2021,55896.7985395295
"Thailand","Lower respiratory infections",2021,35925.1159800165
"Timor-Leste","Stroke",2020,1211.8409507486
"Timor-Leste","Ischemic heart disease",2020,1098.07335421882
"Timor-Leste","Lower respiratory infections",2020,693.159610063853
"Timor-Leste","Stroke",2021,1261.59186565811
"Timor-Leste","Ischemic heart disease",2021,1148.66742607632
"Timor-Leste","Lower respiratory infections",2021,743.524399590885
"Togo","Diarrheal diseases",2020,5011.87195801423
"Togo","Malaria",2020,4500.9674648815
"Togo","Lower respiratory infections",2020,4384.12568184625
"Togo","Lower respiratory infections",2021,4368.28093175024
"Togo","Diarrheal diseases",2021,4336.04570977119
"Togo","Neonatal disorders",2021,4036.10710694236
"Tokelau","Ischemic heart disease",2020,2.27533443464237
"Tokelau","Stroke",2020,1.41035462231914
"Tokelau","Diabetes mellitus",2020,1.25136755025426
"Tokelau","Ischemic heart disease",2021,2.28052917351559
"Tokelau","Stroke",2021,1.4301315429022
"Tokelau","Diabetes mellitus",2021,1.27973016751582
"Tonga","Ischemic heart disease",2020,102.508915429394
"Tonga","Diabetes mellitus",2020,81.2989544943645
"Tonga","Stroke",2020,59.5740396159495
"Tonga","Ischemic heart disease",2021,103.692805358309
"Tonga","Diabetes mellitus",2021,81.7539748919766
"Tonga","Stroke",2021,60.2869022337269
"Trinidad and Tobago","Ischemic heart disease",2020,2335.91406475644
"Trinidad and Tobago","Diabetes mellitus",2020,1936.87450225386
"Trinidad and Tobago","Stroke",2020,1302.93874252256
"Trinidad and Tobago","Ischemic heart disease",2021,2497.71769366285
"Trinidad and Tobago","Diabetes mellitus",2021,2049.84291144738
"Trinidad and Tobago","Stroke",2021,1391.79560000973
"Tunisia","Ischemic heart disease",2020,22408.7080784327
"Tunisia","Stroke",2020,8963.25527877884
"Tunisia","Hypertensive heart disease",2020,2943.41913848662
"Tunisia","Ischemic heart disease",2021,23148.2470617616
"Tunisia","Stroke",2021,9158.9292072648
"Tunisia","Hypertensive heart disease",2021,3007.03465444561
"Turkey","Ischemic heart disease",2020,108555.913293877
"Turkey","Stroke",2020,47243.9175674113
"Turkey","Tracheal, bronchus, and lung cancer",2020,31919.2707119909
"Turkey","Ischemic heart disease",2021,113571.399298135
"Turkey","Stroke",2021,45721.4572172694
"Turkey","Tracheal, bronchus, and lung cancer",2021,32541.1281911461
"Turkmenistan","Ischemic heart disease",2020,11877.6534716391
"Turkmenistan","Stroke",2020,5234.86293660518
"Turkmenistan","Cirrhosis and other chronic liver diseases",2020,2533.07821630684
"Turkmenistan","Ischemic heart disease",2021,12515.0400867973
"Turkmenistan","Stroke",2021,5251.5169332519
"Turkmenistan","Cirrhosis and other chronic liver diseases",2021,2595.05167630238
"Tuvalu","Ischemic heart disease",2020,22.9740450306064
"Tuvalu","Stroke",2020,14.2456311816194
"Tuvalu","Diabetes mellitus",2020,11.3295174618495
"Tuvalu","Ischemic heart disease",2021,23.2189266188584
"Tuvalu","Stroke",2021,14.415829319684
"Tuvalu","Diabetes mellitus",2021,11.5207690650758
"Uganda","Neonatal disorders",2020,31114.2226633787
"Uganda","Malaria",2020,19075.9736057685
"Uganda","Lower respiratory infections",2020,17495.6704625536
"Uganda","Neonatal disorders",2021,30140.3919982159
"Uganda","Malaria",2021,18529.2682867689
"Uganda","Lower respiratory infections",2021,17483.8945888534
"Ukraine","Ischemic heart disease",2020,326113.480516881
"Ukraine","Stroke",2020,99779.6811741003
"Ukraine","Tracheal, bronchus, and lung cancer",2020,20517.5558238912
"Ukraine","Ischemic heart disease",2021,330231.254877134
"Ukraine","Stroke",2021,104444.569400398
"Ukraine","Tracheal, bronchus, and lung cancer",2021,22629.6581718327
"United Arab Emirates","Ischemic heart disease",2020,5352.78485940117
"United Arab Emirates","Road injuries",2020,3826.92442673078
"United Arab Emirates","Stroke",2020,2368.24706437223
"United Arab Emirates","Ischemic heart disease",2021,5855.39492285877
"United Arab Emirates","Road injuries",2021,3773.277423954
"United Arab Emirates","Stroke",2021,2567.93389257248
"United Kingdom","Ischemic heart disease",2020,99487.7865202935
"United Kingdom","Stroke",2020,51298.3163742631
"United Kingdom","Lower respiratory infections",2020,50325.0870555606
"United Kingdom","Ischemic heart disease",2021,105171.205507705
"United Kingdom","Lower respiratory infections",2021,55136.2809036681
"United Kingdom","Stroke",2021,52941.15727672
"United Republic of Tanzania","Neonatal disorders",2020,38407.4172991334
"United Republic of Tanzania","Lower respiratory infections",2020,34040.2896713936
"United Republic of Tanzania","Stroke",2020,23472.1697472968
"United Republic of Tanzania","Neonatal disorders",2021,37258.2545911272
"United Republic of Tanzania","Lower respiratory infections",2021,33842.8930887618
"United Republic of Tanzania","Stroke",2021,23986.5272794266
"United States of America","Ischemic heart disease",2020,579151.808473696
"United States of America","Tracheal, bronchus, and lung cancer",2020,206354.941311114
"United States of America","Chronic obstructive pulmonary disease",2020,200101.3949618
"United States of America","Ischemic heart disease",2021,604931.478211492
"United States of America","Tracheal, bronchus, and lung cancer",2021,211224.987482028
"United States of America","Stroke",2021,207717.194162072
"United States Virgin Islands","Ischemic heart disease",2020,297.516080864397
"United States Virgin Islands","Stroke",2020,98.0990458770645
"United States Virgin Islands","Diabetes mellitus",2020,81.1832277895195
"United States Virgin Islands","Ischemic heart disease",2021,300.463230962614
"United States Virgin Islands","Stroke",2021,99.6605005795807
"United States Virgin Islands","Diabetes mellitus",2021,81.8908755142755
"Uruguay","Ischemic heart disease",2020,4167.72129109578
"Uruguay","Stroke",2020,3439.12538111312
"Uruguay","Chronic obstructive pulmonary disease",2020,1937.9265532091
"Uruguay","Ischemic heart disease",2021,4247.69120665674
"Uruguay","Stroke",2021,3482.97050077837
"Uruguay","Chronic obstructive pulmonary disease",2021,1981.60743396212
"Uzbekistan","Ischemic heart disease",2020,75067.4614269345
"Uzbekistan","Stroke",2020,25382.8529545489
"Uzbekistan","Cirrhosis and other chronic liver diseases",2020,13390.486954899
"Uzbekistan","Ischemic heart disease",2021,74488.8017620106
"Uzbekistan","Stroke",2021,26160.8056168545
"Uzbekistan","Cirrhosis and other chronic liver diseases",2021,13826.0304638171
"Vanuatu","Ischemic heart disease",2020,486.791864067536
"Vanuatu","Stroke",2020,311.117595201347
"Vanuatu","Diabetes mellitus",2020,134.370636870083
"Vanuatu","Ischemic heart disease",2021,506.268271266081
"Vanuatu","Stroke",2021,323.465020850553
"Vanuatu","Diabetes mellitus",2021,139.529208007014
"Venezuela (Bolivarian Republic of)","Ischemic heart disease",2020,35681.599535875
"Venezuela (Bolivarian Republic of)","Stroke",2020,15713.7446645471
"Venezuela (Bolivarian Republic of)","Diabetes mellitus",2020,11159.210387655
"Venezuela (Bolivarian Republic of)","Ischemic heart disease",2021,37087.167814403
"Venezuela (Bolivarian Republic of)","Stroke",2021,16505.1054268632
"Venezuela (Bolivarian Republic of)","Diabetes mellitus",2021,11758.1803369381
"Viet Nam","Stroke",2020,130722.294768792
"Viet Nam","Ischemic heart disease",2020,77965.0951165615
"Viet Nam","Diabetes mellitus",2020,30767.8540546608
"Viet Nam","Stroke",2021,127397.806545792
"Viet Nam","Ischemic heart disease",2021,81041.5891163304
"Viet Nam","Diabetes mellitus",2021,32023.251476943
"Yemen","Ischemic heart disease",2020,33808.8593530292
"Yemen","Conflict and terrorism",2020,27082.327360157
"Yemen","Neonatal disorders",2020,16762.8131009954
"Yemen","Ischemic heart disease",2021,35424.4474983292
"Yemen","Conflict and terrorism",2021,31998.4111391852
"Yemen","Stroke",2021,15403.2704066671
"Zambia","HIV/AIDS",2020,23431.3124061262
"Zambia","Stroke",2020,9570.03944134664
"Zambia","Neonatal disorders",2020,9068.13771498447
"Zambia","HIV/AIDS",2021,25599.8820437427
"Zambia","Stroke",2021,10122.1406071505
"Zambia","Neonatal disorders",2021,8608.33471655646
"Zimbabwe","Lower respiratory infections",2020,11659.1940705672
"Zimbabwe","HIV/AIDS",2020,9422.19293437813
"Zimbabwe","Ischemic heart disease",2020,8639.26302799587
"Zimbabwe","Lower respiratory infections",2021,10948.4845424333
"Zimbabwe","Ischemic heart disease",2021,8696.05339473543
"Zimbabwe","Neonatal disorders",2021,7552.97256559623
